{

    "id" : 1,
    "name" : "Fight Club",
    "year" : "1999",
    "genre" : "Action",
    "rating" : "80%",
    "image" : "dummy/fightclub.jpeg",
    "desc" : "An insomniac office worker, looking for a way to change his life, crosses paths with a devil-may-care soap maker, forming an underground fight club that evolves into something much, much more.",
    "reviewList" : [{"username" : "Rishabh", "rating" : "80%", "comment" : "A classic. Fear holds you back, hope is what sets you free"},{"username" : "Omkar", "rating" : "90%", "comment" : "Supera Movie! Better than Bahubali! Appa"},{"username" : "Shiva", "rating" : "20%", "comment" : "I loved it but I do not give high rating!"}]
}
