{
    "movieList": [
    {
    "id" : 1,
    "name" : "Shawshank Redemption",
    "year" : "1994",
    "genre" : "Drama",
    "rating" : "95%",
    "image" : "dummy/shawshank.jpeg",
    "desc" : "Two imprisoned men bond over a number of years, finding solace and eventual redemption through acts of common decency."
    },
    {
    "id" : 2,
    "name" : "Fight Club",
    "year" : "1999",
    "genre" : "Action",
    "rating" : "80%",
    "image" : "dummy/fightclub.jpeg",
    "desc" : "An insomniac office worker, looking for a way to change his life, crosses paths with a devil-may-care soap maker, forming an underground fight club that evolves into something much, much more. "
    },
    {
    "id" : 3,
    "name" : "October Sky",
    "year" : "1999",
    "genre" : "Biography",
    "rating" : "75%",
    "image" : "dummy/octobersky.jpeg",
    "desc" : "Sed ut perspiciatis unde omnis iste natus error voluptatem doloremque."

  },
  {
  "id" : 4,
  "name" : "Forrest Gump",
  "year" : "1994",
  "genre" : "Comedy",
  "rating" : "70%",
  "image" : "dummy/forrestgump.jpeg",
  "desc" : "Sed ut perspiciatis unde omnis iste natus error voluptatem doloremque."

  }

]
}
